{
  "total_nuclei": 92398,
  "total_area_um2": 2179033.1010533404,
  "mean_area_um2": 23.583119775897103,
  "median_area_um2": 21.22231618,
  "std_area_um2": 14.672565621330802,
  "min_area_um2": 0.5852307800000001,
  "max_area_um2": 145.10643182,
  "q25_area_um2": 12.4746561,
  "q75_area_um2": 32.21849452,
  "q95_area_um2": 50.822673,
  "total_area_pixels": 35372053.5,
  "mean_area_pixels": 382.8227180241997,
  "median_area_pixels": 344.5,
  "std_area_pixels": 238.1784727772565,
  "min_area_pixels": 9.5,
  "max_area_pixels": 2355.5,
  "q25_area_pixels": 202.5,
  "q75_area_pixels": 523.0,
  "q95_area_pixels": 825.0,
  "mean_radius_um": 2.601498045941837,
  "median_radius_um": 2.5990908117671108,
  "std_radius_um": 0.8596208982367249,
  "min_radius_um": 0.43160716279164213,
  "max_radius_um": 6.796235119326007,
  "q25_radius_um": 1.99268822533103,
  "q75_radius_um": 3.2024155451275034,
  "q95_radius_um": 4.0221088073529305,
  "mean_radius_pixels": 10.481458686308768,
  "median_radius_pixels": 10.47175991848151,
  "std_radius_pixels": 3.4634202185202456,
  "min_radius_pixels": 1.738949084575512,
  "max_radius_pixels": 27.382091536365863,
  "q25_radius_pixels": 8.02855852268747,
  "q75_radius_pixels": 12.902560616952067,
  "q95_radius_pixels": 16.205112036071434,
  "cell_type_stats": {
    "Neoplastic_type_1": {
      "count": 51672,
      "mean_area_um2": 30.38267814859653,
      "median_area_um2": 28.3374904,
      "std_area_um2": 13.939073533370166,
      "min_area_um2": 0.86244536,
      "max_area_um2": 145.10643182,
      "mean_area_pixels": 493.1993536151107,
      "mean_radius_um": 3.0272141546987585,
      "mean_radius_pixels": 12.196672661961156,
      "percentage_of_total": 55.92328838286543
    },
    "Inflammatory_type_2": {
      "count": 24657,
      "mean_area_um2": 10.283391352099606,
      "median_area_um2": 9.517700580000001,
      "std_area_um2": 5.374492179802642,
      "min_area_um2": 0.89324698,
      "max_area_um2": 43.86150688,
      "mean_area_pixels": 166.92939124792147,
      "mean_radius_um": 1.7444170401245642,
      "mean_radius_pixels": 7.0282717168596465,
      "percentage_of_total": 26.685642546375465
    },
    "Connective_type_3": {
      "count": 6163,
      "mean_area_um2": 15.543742910981663,
      "median_area_um2": 14.35355492,
      "std_area_um2": 9.174657206420957,
      "min_area_um2": 0.9856518400000001,
      "max_area_um2": 100.99851198,
      "mean_area_pixels": 252.32021742657795,
      "mean_radius_um": 2.125446912491278,
      "mean_radius_pixels": 8.563444450005148,
      "percentage_of_total": 6.670057793458733
    },
    "Dead_type_4": {
      "count": 286,
      "mean_area_um2": 5.74450213,
      "median_area_um2": 4.83585434,
      "std_area_um2": 3.653936038191168,
      "min_area_um2": 1.13965994,
      "max_area_um2": 21.7151421,
      "mean_area_pixels": 93.25,
      "mean_radius_um": 1.294605292268602,
      "mean_radius_pixels": 5.215976197697832,
      "percentage_of_total": 0.30953050931838355
    },
    "Epithelial_type_5": {
      "count": 9620,
      "mean_area_um2": 26.829808733968818,
      "median_area_um2": 25.22652678,
      "std_area_um2": 11.517530878640146,
      "min_area_um2": 0.5852307800000001,
      "max_area_um2": 127.17988898,
      "mean_area_pixels": 435.52593555093557,
      "mean_radius_um": 2.855460421384164,
      "mean_radius_pixels": 11.504675348042563,
      "percentage_of_total": 10.411480767981992
    }
  },
  "pixel_size_um": 0.2482,
  "magnification": 40.0,
  "cell_type_meanings": {
    "1": "Neoplastic",
    "2": "Inflammatory",
    "3": "Connective",
    "4": "Dead",
    "5": "Epithelial"
  },
  "type_map": {
    "1": "Neoplastic",
    "2": "Inflammatory",
    "3": "Connective",
    "4": "Dead",
    "5": "Epithelial"
  },
  "image_metadata": {
    "base_magnification": 40,
    "patch_size": 1024,
    "patch_overlap": 64,
    "base_mpp": 0.2482,
    "target_patch_mpp": 0.2482
  }
}