{
  "total_nuclei": 99453,
  "total_area_um2": 1625108.2559776,
  "mean_area_um2": 16.340464902794285,
  "median_area_um2": 14.13794358,
  "std_area_um2": 10.232926206993975,
  "min_area_um2": 0.86244536,
  "max_area_um2": 128.96638294000002,
  "q25_area_um2": 8.716858460000001,
  "q75_area_um2": 21.499530760000003,
  "q95_area_um2": 36.130300260000006,
  "total_area_pixels": 26380240.0,
  "mean_area_pixels": 265.25333574653354,
  "median_area_pixels": 229.5,
  "std_area_pixels": 166.11019496692012,
  "min_area_pixels": 14.0,
  "max_area_pixels": 2093.5,
  "q25_area_pixels": 141.5,
  "q75_area_pixels": 349.0,
  "q95_area_pixels": 586.5,
  "mean_radius_um": 2.1759205981260243,
  "median_radius_um": 2.121378611144803,
  "std_radius_um": 0.6831552342253985,
  "min_radius_um": 0.5239512232845137,
  "max_radius_um": 6.4071268658554414,
  "q25_radius_um": 1.6657317383909132,
  "q75_radius_um": 2.6160109306385757,
  "q95_radius_um": 3.391258138736535,
  "mean_radius_pixels": 8.766803376817183,
  "median_radius_pixels": 8.547053227819513,
  "std_radius_pixels": 2.7524384940588176,
  "min_radius_pixels": 2.111004122822376,
  "max_radius_pixels": 25.814370934147625,
  "q25_radius_pixels": 6.711247938722454,
  "q75_radius_pixels": 10.539931227391522,
  "q95_radius_pixels": 13.663409100469519,
  "cell_type_stats": {
    "Neoplastic_type_1": {
      "count": 3856,
      "mean_area_um2": 31.009546910943985,
      "median_area_um2": 29.384745480000003,
      "std_area_um2": 13.229306409618237,
      "min_area_um2": 1.6940891,
      "max_area_um2": 128.96638294000002,
      "mean_area_pixels": 503.3752593360996,
      "mean_radius_um": 3.07086962288994,
      "mean_radius_pixels": 12.372560930257615,
      "percentage_of_total": 3.877208329562708
    },
    "Inflammatory_type_2": {
      "count": 34340,
      "mean_area_um2": 12.153613344168317,
      "median_area_um2": 11.227190490000002,
      "std_area_um2": 6.26048679975521,
      "min_area_um2": 0.9856518400000001,
      "max_area_um2": 46.602851060000006,
      "mean_area_pixels": 197.28854105998835,
      "mean_radius_um": 1.8988311125793196,
      "mean_radius_pixels": 7.6504073834783215,
      "percentage_of_total": 34.528872934954194
    },
    "Connective_type_3": {
      "count": 54976,
      "mean_area_um2": 16.753991458212308,
      "median_area_um2": 15.06199218,
      "std_area_um2": 9.41678155769956,
      "min_area_um2": 0.86244536,
      "max_area_um2": 83.90361288000001,
      "mean_area_pixels": 271.96607610593713,
      "mean_radius_um": 2.218412469998751,
      "mean_radius_pixels": 8.938003505232677,
      "percentage_of_total": 55.278372698661684
    },
    "Dead_type_4": {
      "count": 1764,
      "mean_area_um2": 10.115363759909297,
      "median_area_um2": 8.85546575,
      "std_area_um2": 5.9826467461493325,
      "min_area_um2": 1.29366804,
      "max_area_um2": 37.7319845,
      "mean_area_pixels": 164.20181405895693,
      "mean_radius_um": 1.7192932357661825,
      "mean_radius_pixels": 6.92704768640686,
      "percentage_of_total": 1.7737021507646828
    },
    "Epithelial_type_5": {
      "count": 4517,
      "mean_area_um2": 33.04614230044277,
      "median_area_um2": 32.772923680000005,
      "std_area_um2": 12.314428024548645,
      "min_area_um2": 1.29366804,
      "max_area_um2": 110.17739474000001,
      "mean_area_pixels": 536.4351339384548,
      "mean_radius_um": 3.1796370057664833,
      "mean_radius_pixels": 12.810785679961654,
      "percentage_of_total": 4.54184388605673
    }
  },
  "pixel_size_um": 0.2482,
  "magnification": 40.0,
  "cell_type_meanings": {
    "1": "Neoplastic",
    "2": "Inflammatory",
    "3": "Connective",
    "4": "Dead",
    "5": "Epithelial"
  },
  "type_map": {
    "1": "Neoplastic",
    "2": "Inflammatory",
    "3": "Connective",
    "4": "Dead",
    "5": "Epithelial"
  },
  "image_metadata": {
    "base_magnification": 40,
    "patch_size": 1024,
    "patch_overlap": 64,
    "base_mpp": 0.2482,
    "target_patch_mpp": 0.2482
  }
}