{
  "total_nuclei": 37929,
  "total_area_um2": 677364.15625,
  "mean_area_um2": 17.858740179018692,
  "median_area_um2": 15.6875,
  "std_area_um2": 10.43360273920652,
  "min_area_um2": 0.875,
  "max_area_um2": 117.96875,
  "q25_area_um2": 10.75,
  "q75_area_um2": 22.28125,
  "q95_area_um2": 37.8125,
  "total_area_pixels": 10837826.5,
  "mean_area_pixels": 285.7398428642991,
  "median_area_pixels": 251.0,
  "std_area_pixels": 166.93764382730433,
  "min_area_pixels": 14.0,
  "max_area_pixels": 1887.5,
  "q25_area_pixels": 172.0,
  "q75_area_pixels": 356.5,
  "q95_area_pixels": 605.0,
  "mean_radius_um": 2.2943886929383264,
  "median_radius_um": 2.234611004069437,
  "std_radius_um": 0.648378037479748,
  "min_radius_um": 0.527751030705594,
  "max_radius_um": 6.127856018685822,
  "q25_radius_um": 1.8498192550829797,
  "q75_radius_um": 2.6631451615585258,
  "q95_radius_um": 3.4693072177777204,
  "mean_radius_pixels": 9.177554771753305,
  "median_radius_pixels": 8.938444016277748,
  "std_radius_pixels": 2.593512149918992,
  "min_radius_pixels": 2.111004122822376,
  "max_radius_pixels": 24.51142407474329,
  "q25_radius_pixels": 7.399277020331919,
  "q75_radius_pixels": 10.652580646234103,
  "q95_radius_pixels": 13.877228871110882,
  "cell_type_stats": {
    "Neoplastic_type_1": {
      "count": 37,
      "mean_area_um2": 18.02195945945946,
      "median_area_um2": 14.625,
      "std_area_um2": 12.4194572903517,
      "min_area_um2": 2.75,
      "max_area_um2": 53.96875,
      "mean_area_pixels": 288.35135135135135,
      "mean_radius_um": 2.267706470644999,
      "mean_radius_pixels": 9.070825882579996,
      "percentage_of_total": 0.09755068680956525
    },
    "Inflammatory_type_2": {
      "count": 3563,
      "mean_area_um2": 10.659512699971934,
      "median_area_um2": 10.3125,
      "std_area_um2": 4.568284788551121,
      "min_area_um2": 1.78125,
      "max_area_um2": 34.28125,
      "mean_area_pixels": 170.55220319955095,
      "mean_radius_um": 1.7979600470896326,
      "mean_radius_pixels": 7.191840188358531,
      "percentage_of_total": 9.393867489256241
    },
    "Connective_type_3": {
      "count": 34329,
      "mean_area_um2": 18.60577063124472,
      "median_area_um2": 16.46875,
      "std_area_um2": 10.58330345198661,
      "min_area_um2": 0.875,
      "max_area_um2": 117.96875,
      "mean_area_pixels": 297.6923300999155,
      "mean_radius_um": 2.3459416804236524,
      "mean_radius_pixels": 9.38376672169461,
      "percentage_of_total": 90.5085818239342
    }
  },
  "pixel_size_um": 0.25,
  "magnification": 40.0,
  "cell_type_meanings": {
    "1": "Neoplastic",
    "2": "Inflammatory",
    "3": "Connective",
    "4": "Dead",
    "5": "Epithelial"
  },
  "type_map": {
    "1": "Neoplastic",
    "2": "Inflammatory",
    "3": "Connective",
    "4": "Dead",
    "5": "Epithelial"
  },
  "image_metadata": {
    "base_magnification": 40,
    "patch_size": 1024,
    "patch_overlap": 64,
    "base_mpp": 0.25,
    "target_patch_mpp": 0.25
  }
}